{"modelling":{"comment":"p_value=4.6e-41, score=217.4, e_value=5.3e-37, ss_score=15.1, prob=100","short_method":"X-ray","pred_lddt":0.9860000014,"trg_seq":"LSPADKTNVKAAWGKVGAHAGEYGAEALERMFLSFPTTKTYFPHFDLSHGSAQVKGHGKKVADALTNAVAHVDDMPNALSALSDLHAHKLRVDPVNFKLLSHCLLVTLAAHLPAEFTPAVHASLDKFLASVSTVLTS","ProMod":null,"id":"0cd8f09b2f61069929d198a8ef80b0304fe46a21","QMean":{"local_scores":{"A":[0.8968078218,0.8997413814,0.8897118375,0.8849915845,0.8871895043,0.8779043803,0.8750607633,0.8651821337,0.9001542691,0.8659378701,0.837015434,0.8074404601,0.7595439507,0.8501342422,0.8433074158,0.8496378806,0.794635707,0.8035415615,0.8442888994,0.8581114171,0.8828091985,0.8606905844,0.9005182061,0.9242740037,0.9142840565,0.8952750903,0.9293257349,0.9058540959,0.8884128734,0.8811071426,0.9030237084,0.8811071426,0.8796050213,0.892116617,0.8851176008,0.8831521037,0.8765138739,0.877221646,0.8835680996,0.8618442706,0.8506310411,0.8723434579,0.860070905,0.8571094644,0.8618655111,0.8736344963,0.8515279821,0.8547693246,0.8288311096,0.8349329542,0.8716826476,0.8793249098,0.8668168336,0.8824910372,0.8688172936,0.8854825035,0.8890023843,0.9213669387,0.8785008114,0.8913468235,0.9245825149,0.9182266969,0.9096924103,0.9184930429,0.9102375199,0.8932374977,0.884309227,0.8953478169,0.8804503506,0.8621013379,0.8584871652,0.8477365381,0.8527637369,0.8610301067,0.8704858843,0.8802487249,0.8565312997,0.8828070514,0.8827149656,0.8702560476,0.8694203977,0.8823837231,0.8631141998,0.8281212796,0.8629968997,0.8596696049,0.796641664,0.7910675147,0.8050814987,0.8156479125,0.7885987591,0.8487771789,0.8424942932,0.8733087736,0.873185741,0.8800029327,0.8910190107,0.8789450401,0.8958067885,0.9158226327,0.9214777338,0.9126667782,0.9290377808,0.9238178239,0.9084727935,0.9134713251,0.9044509704,0.8980022385,0.8985048526,0.8971012775,0.8640765392,0.8590169208,0.8036614326,0.8105165838,0.7880149697,0.8699514847,0.8990431706,0.9186936405,0.9073373296,0.8939107978,0.8814166375,0.9155521175,0.9174839815,0.9062249938,0.9165908542,0.9099996758,0.9216656728,0.9299793216,0.9193469204,0.9137175116,0.9077089209,0.9038249161,0.872176657,0.872824921,0.884981771,0.8610935135,0.844574618]},"global_scores":{"solvation":1.6858693862,"ss_agreement":0.2470256245,"ss_agreement_norm":0.7376533709,"qmean4_norm":0.7248681885,"cbeta_norm":-0.0077867398,"cbeta":-1.0372471119,"all_atom_norm":-0.0330993434,"qmean6_norm":0.7404041571,"all_atom":0.9583183884,"torsion_norm":-0.1392758362,"QMEAN4":-1.1033097399,"solvation_norm":-0.9225882042,"acc_agreement_norm":0.6715328467,"acc_agreement":0.6796791327,"qmean6":-0.6920149385,"torsion":-1.3262341667}},"chain":"A","assembly_id":1,"seq_id":100.0,"SPDBV":null,"pdb_id":"6bb5","score":2.1608221531,"MODELLER":null,"method":"X-RAY DIFFRACTION","description":"Hemoglobin subunit alpha","seq_sim":0.601944387,"tpl_seq":"LSPADKTNVKAAWGKVGAHAGEYGAEALERMFLSFPTTKTYFPHFDLSHGSAQVKGHGKKVADALTNAVAHVDDMPNALSALSDLHAHKLRVDPVNFKLLSHCLLVTLAAHLPAEFTPAVHASLDKFLASVSTVLTS","oligo_state":"monomer","coverage":1.0,"offset":0,"found_by":"HHblits","endtime":"24-04-18 (10:03:06)","mod_engine":["ProMod3"],"title":"Modelling","ProMod3":{"version":"1.1.0"},"starttime":"24-04-18 (10:02:45)","resolution":2.2799999714}}