{"modelling":{"comment":"p_value=1.5e-42, score=227, e_value=1.7e-38, ss_score=15.8, prob=100","short_method":"X-ray","pred_lddt":0.9850000143,"trg_seq":"MVLSPADKTNVKAAWGKVGAHAGEYGAEALERMFLSFPTTKTYFPHFDLSHGSAQVKGHGKKVADALTNAVAHVDDMPNALSALSDLHAHKLRVDPVNFKLLSHCLLVTLAAHLPAEFTPAVHASLDKFLASVSTVLTSKYR","ProMod":null,"id":"fae3e454fa6dd5fdb8affd75441c959b757b485e","QMean":{"local_scores":{"A":[0.8070242675,0.8139759357,0.8956732869,0.9045710656,0.8999210753,0.8968073095,0.8966086179,0.8813876292,0.8920957846,0.8919730754,0.9083140176,0.8774758232,0.8905820412,0.8835470927,0.8862073345,0.8782659866,0.8511915736,0.8644042489,0.8256238785,0.85269216,0.8583781478,0.8898743825,0.8996394796,0.8689860273,0.8914603131,0.9264444724,0.9185968691,0.8866107865,0.9324278965,0.9226894248,0.8861820551,0.880667155,0.900871021,0.880667155,0.8827717264,0.8984190534,0.8828616985,0.8995953897,0.8699598359,0.8743884973,0.862513974,0.8480539678,0.8331410484,0.8551122069,0.8600931695,0.8481368988,0.8559240745,0.8576622377,0.8445634349,0.8606582226,0.8505299453,0.8462817417,0.8790420076,0.8684201605,0.8619591868,0.8674869113,0.8575397948,0.886216074,0.8688808568,0.9233039608,0.8689450926,0.8782036021,0.9214638712,0.9186979301,0.8927276977,0.920886021,0.9158143102,0.8932466153,0.8835590467,0.905517864,0.9023794462,0.8825765943,0.8795275343,0.8951364199,0.8762786335,0.8737515152,0.8568559954,0.8696800385,0.85269216,0.8819074807,0.8813013722,0.8724078144,0.877716701,0.8640583814,0.8656505103,0.8178243439,0.8214616877,0.7998581308,0.7554221522,0.7539562915,0.7655151447,0.8195220196,0.797872546,0.7954704802,0.8333127066,0.8595594658,0.8519003395,0.8672496353,0.8976272989,0.8674861368,0.8805480414,0.908653267,0.9236333163,0.8814031346,0.9297055519,0.9210599591,0.9115798544,0.909625121,0.9047712438,0.8987752316,0.8940623922,0.8982099953,0.8696468243,0.8793111523,0.7899191031,0.8213679918,0.8445634349,0.8797329995,0.9142255431,0.915328394,0.9038111309,0.8996312815,0.8734713092,0.9084830457,0.918471492,0.9154652617,0.9082528314,0.8986331958,0.9005898073,0.9118926748,0.8988268925,0.9018819708,0.9102785623,0.9000811587,0.8670915175,0.8831418412,0.8665900903,0.8808219491,0.8511615421,0.786552578,0.695723712,0.5878442369]},"global_scores":{"solvation":2.0954229426,"ss_agreement":0.2375890208,"ss_agreement_norm":0.7310018551,"qmean4_norm":0.7639399867,"cbeta_norm":-0.010496082,"cbeta":-0.5806980267,"all_atom_norm":-0.0344974527,"qmean6_norm":0.7564405315,"all_atom":1.198507865,"torsion_norm":-0.2225183235,"QMEAN4":-0.4132871609,"solvation_norm":-0.9624238446,"acc_agreement_norm":0.5915492958,"acc_agreement":-0.5947961856,"qmean6":-0.4437660057,"torsion":-0.7951806324}},"chain":"A","assembly_id":1,"seq_id":100.0,"SPDBV":null,"pdb_id":"1bz1","score":2.1619300842,"MODELLER":null,"method":"X-RAY DIFFRACTION","description":"PROTEIN (HEMOGLOBIN ALPHA CHAIN)","seq_sim":0.602344811,"tpl_seq":"MVLSPADKTNVKAAWGKVGAHAGEYGAEALERMFLSFPTTKTYFPHFDLSHGSAQVKGHGKKVADALTNAVAHVDDMPNALSALSDLHAHKLRVDPVNFKLLSHCLLVTLAAHLPAEFTPAVHASLDKFLASVSTVLTSKYR","oligo_state":"monomer","coverage":1.0,"offset":0,"found_by":"HHblits","endtime":"24-04-18 (09:11:19)","mod_engine":["ProMod3"],"title":"Modelling","ProMod3":{"version":"1.1.0"},"starttime":"24-04-18 (09:10:59)","resolution":1.5900000334}}